invoice_id,invoice_date,product_quantity,total_invoice,currency_type,client_id,product_id
1,2023-11-10,6,313.9192623916117,MXN,62,24
2,2023-04-05,10,486.3095672041744,MXN,10,32
3,2023-08-11,1,757.8973346186016,MXN,14,48
4,2023-01-31,8,425.8619961614792,MXN,100,7
5,2023-12-30,6,744.7079685017543,MXN,66,20
6,2023-07-10,4,762.1322950329429,MXN,27,6
7,2023-02-22,1,122.84289293636252,MXN,13,16
8,2023-10-22,6,290.5265762816422,MXN,87,29
9,2023-02-14,10,644.6161011740719,MXN,72,31
10,2023-08-02,9,657.0380899399343,MXN,49,18
11,2023-10-27,10,536.2401788273501,MXN,29,34
12,2023-07-18,4,123.98998486701024,MXN,99,1
13,2023-04-08,8,341.7156059689652,MXN,67,3
14,2023-07-23,3,995.6803624084858,MXN,34,1
15,2023-05-14,7,279.7701698625332,MXN,54,24
16,2023-10-31,3,498.0959856461475,MXN,75,26
17,2023-09-23,8,476.3595788541648,MXN,58,17
18,2023-04-23,1,487.1950415336909,MXN,33,4
19,2023-10-15,1,852.113788823879,MXN,47,16
20,2023-10-08,9,970.8888018779546,MXN,69,16
21,2023-04-16,6,508.8160248220673,MXN,39,19
22,2023-10-29,2,123.9960554981598,MXN,38,30
23,2023-06-02,10,584.4601204700432,MXN,48,31
24,2023-04-13,6,611.1985935440794,MXN,23,43
25,2023-10-30,2,931.1297044880848,MXN,4,23
26,2023-06-28,5,304.7127354172003,MXN,3,31
27,2023-10-31,2,917.3206390070268,MXN,99,33
28,2023-09-03,1,406.08294443265487,MXN,50,16
29,2023-01-18,4,751.7868430113318,MXN,9,49
30,2023-01-04,4,981.4158357817412,MXN,42,30
31,2023-03-26,1,391.610747926664,MXN,21,39
32,2023-08-09,4,973.5161770161354,MXN,93,3
33,2023-08-15,4,880.466424737154,MXN,26,3
34,2023-07-15,5,391.7246443106449,MXN,34,8
35,2023-01-11,7,332.7657263073038,MXN,100,13
36,2023-05-16,6,370.74927315003777,MXN,13,24
37,2023-08-13,2,154.63022290822616,MXN,30,15
38,2023-10-31,4,608.4638447994619,MXN,91,30
39,2023-01-24,5,179.15399630863516,MXN,91,44
40,2023-12-14,5,176.08564177855965,MXN,86,26
41,2023-09-18,7,856.4537604832713,MXN,100,21
42,2023-10-10,4,427.4406995641742,MXN,12,33
43,2023-11-21,5,741.6830261985019,MXN,96,18
44,2023-11-30,5,150.80982358332705,MXN,62,18
45,2023-12-29,7,269.97969400474994,MXN,53,33
46,2023-10-30,1,133.6885489174241,MXN,97,45
47,2023-05-02,9,463.3044385469134,MXN,22,28
48,2023-08-29,8,138.90039572870316,MXN,55,38
49,2023-12-04,6,787.1644353007782,MXN,82,2
50,2023-04-15,2,350.1173615819015,MXN,2,25
51,2023-11-28,10,572.6763087938584,MXN,52,48
52,2023-01-11,7,806.0342111259715,MXN,53,24
53,2023-11-30,6,643.077267326197,MXN,80,12
54,2023-03-17,1,894.5603436191499,MXN,72,26
55,2023-07-07,9,831.1668017525818,MXN,66,29
56,2023-12-04,5,571.5086185835439,MXN,100,16
57,2023-11-01,6,486.8734852559544,MXN,70,25
58,2023-07-17,1,656.641918034191,MXN,54,30
59,2023-07-30,1,306.53596323983703,MXN,55,5
60,2023-07-15,8,234.56723949522933,MXN,51,11
61,2023-06-08,5,334.8664516735894,MXN,91,6
62,2023-01-28,1,217.3813320955028,MXN,85,25
63,2023-03-12,8,527.8246396704035,MXN,16,9
64,2023-08-06,8,459.36927306318034,MXN,64,36
65,2023-06-02,2,150.0368226388401,MXN,39,4
66,2023-06-03,6,680.6511513604601,MXN,71,40
67,2023-03-31,5,220.42303356659264,MXN,68,2
68,2023-07-16,7,726.8978307876058,MXN,94,41
69,2023-06-29,6,361.5982761844584,MXN,57,16
70,2023-11-16,1,337.7923101720073,MXN,17,17
71,2023-11-02,1,893.407225268303,MXN,31,16
72,2023-08-09,10,295.6931423083018,MXN,86,26
73,2023-08-19,4,852.4856332129526,MXN,90,8
74,2023-04-13,4,656.1393557436071,MXN,69,37
75,2023-01-16,5,867.143184208271,MXN,88,42
76,2023-01-04,2,563.4475111331649,MXN,56,7
77,2023-05-17,3,319.64105072553104,MXN,58,36
78,2023-08-23,5,756.9146165504529,MXN,62,7
79,2023-04-12,10,971.1605111518304,MXN,7,50
80,2023-09-19,6,998.566419055615,MXN,51,1
81,2023-10-31,9,921.4836206497636,MXN,25,16
82,2023-07-09,1,387.9209556818196,MXN,53,24
83,2023-05-04,1,632.6480952796912,MXN,20,45
84,2023-09-08,8,782.2088257751324,MXN,72,16
85,2023-10-21,6,237.07494095745227,MXN,98,7
86,2023-07-17,3,326.9910827588766,MXN,36,34
87,2023-08-26,7,474.0057309038704,MXN,6,42
88,2023-11-30,9,178.18946880988494,MXN,65,27
89,2023-12-06,5,598.8780274552889,MXN,28,23
90,2023-03-14,3,322.3887797725064,MXN,83,6
91,2023-07-03,7,454.158053502375,MXN,59,3
92,2023-02-16,10,692.9201313120606,MXN,28,44
93,2023-12-22,1,497.4435902687646,MXN,40,9
94,2023-01-06,6,609.9535897834013,MXN,8,40
95,2023-03-05,10,974.9907449124712,MXN,90,48
96,2023-09-11,7,172.47988472823147,MXN,47,26
97,2023-10-22,5,516.4659532751447,MXN,26,22
98,2023-07-28,6,211.60328096877345,MXN,6,27
99,2023-04-13,1,160.51988612576096,MXN,73,44
100,2023-08-17,10,111.38267877855878,MXN,12,47
101,2023-03-21,6,790.7504233136779,MXN,91,12
102,2023-05-30,9,747.9883263577469,MXN,80,43
103,2023-09-10,1,541.6602751853694,MXN,77,22
104,2023-08-08,2,606.9961238339109,MXN,27,28
105,2023-01-21,2,915.7494576801035,MXN,6,29
106,2023-04-30,7,526.4530724339896,MXN,85,18
107,2023-09-21,10,790.5608917868601,MXN,29,17
108,2023-05-02,9,350.0161170407713,MXN,12,43
109,2023-03-22,4,612.1709261647641,MXN,84,36
110,2023-03-04,3,764.8207109437673,MXN,53,29
111,2023-07-20,5,272.8857418253906,MXN,40,16
112,2023-10-23,4,454.8433654765016,MXN,89,31
113,2023-10-29,9,901.9513380675756,MXN,55,30
114,2023-06-29,3,739.1165583774465,MXN,20,44
115,2023-08-30,9,794.2802774785843,MXN,81,48
116,2023-03-03,10,940.7339671506784,MXN,85,31
117,2023-03-19,2,382.33875625424,MXN,38,15
118,2023-06-09,6,244.0254855747586,MXN,71,40
119,2023-05-23,3,409.1340143888178,MXN,31,49
120,2023-04-24,10,719.2043906872746,MXN,69,14
121,2023-05-19,5,921.0225832258668,MXN,35,10
122,2023-06-28,9,876.1888076040809,MXN,1,2
123,2023-07-04,4,707.9513269094482,MXN,19,25
124,2023-08-25,5,807.435261277901,MXN,93,43
125,2023-05-12,3,909.0797510517124,MXN,64,39
126,2023-12-07,4,200.81801242562983,MXN,32,2
127,2023-10-27,9,424.2923875612628,MXN,2,32
128,2023-12-19,2,242.54680528895952,MXN,3,49
129,2023-12-17,8,768.4238582626461,MXN,7,33
130,2023-06-21,8,600.8561471988152,MXN,45,19
131,2023-11-16,6,531.5817584996057,MXN,66,20
132,2023-03-13,4,656.7152339268165,MXN,64,20
133,2023-12-03,7,166.39879625950874,MXN,54,2
134,2023-11-18,4,822.9933049430044,MXN,13,25
135,2023-09-25,1,499.75168424626247,MXN,18,16
136,2023-06-17,1,254.728707390175,MXN,66,10
137,2023-08-10,10,842.7436018840384,MXN,72,39
138,2023-01-13,9,779.6750310320638,MXN,29,45
139,2023-04-21,1,771.780686778783,MXN,9,8
140,2023-05-05,8,804.3408569129385,MXN,98,41
141,2023-02-24,6,682.1102635615956,MXN,74,6
142,2023-08-23,8,329.37727119960977,MXN,36,21
143,2023-07-28,3,322.72414421674046,MXN,86,4
144,2023-01-04,5,913.2033853648728,MXN,85,30
145,2023-02-22,1,835.5316760916841,MXN,58,30
146,2023-11-07,2,530.1551808810833,MXN,8,41
147,2023-08-04,2,148.70333773079156,MXN,8,10
148,2023-05-17,5,827.7167996381563,MXN,21,2
149,2023-02-17,5,235.1884035477191,MXN,6,2
150,2023-02-03,9,252.41309586269807,MXN,79,27
151,2023-11-16,7,790.9986912703217,MXN,57,44
152,2023-11-28,4,499.46123093038256,MXN,30,49
153,2023-11-23,9,513.7169941076111,MXN,63,41
154,2023-01-05,7,469.2503262402613,MXN,45,42
155,2023-05-13,3,198.70726593091644,MXN,44,16
156,2023-03-28,5,384.3411717334913,MXN,91,2
157,2023-06-10,6,122.45183515530272,MXN,10,38
158,2023-07-08,8,347.7707182951062,MXN,7,4
159,2023-11-08,9,625.7955738469462,MXN,72,18
160,2023-02-05,2,878.3391922465418,MXN,70,4
161,2023-06-23,2,594.6427347661564,MXN,85,5
162,2023-08-29,5,632.8977217764542,MXN,21,48
163,2023-05-22,2,185.13209630049644,MXN,72,27
164,2023-11-27,10,828.4571909750098,MXN,40,37
165,2023-04-28,1,797.1040150763031,MXN,16,21
166,2023-02-20,6,718.8669375831889,MXN,36,50
167,2023-12-19,7,801.5847795768008,MXN,11,48
168,2023-05-13,7,267.4355744470796,MXN,32,36
169,2023-11-20,5,859.1422938068089,MXN,5,1
170,2023-10-30,9,319.9426220627862,MXN,41,13
171,2023-02-19,6,750.6152341773764,MXN,99,5
172,2023-09-25,7,984.2164733672988,MXN,41,22
173,2023-04-27,6,909.3632980272446,MXN,61,41
174,2023-11-03,2,689.2212370651151,MXN,29,18
175,2023-01-11,10,631.1547663642656,MXN,77,14
176,2023-12-02,6,130.6081375100865,MXN,1,27
177,2023-05-16,1,934.2892867468424,MXN,8,30
178,2023-08-08,7,249.38143517962536,MXN,60,11
179,2023-08-29,10,580.9184519714418,MXN,53,47
180,2023-03-14,4,184.9407382865976,MXN,61,33
181,2023-05-12,2,718.4486611612086,MXN,94,39
182,2023-02-24,1,474.286970641014,MXN,61,32
183,2023-06-10,2,587.8610399443087,MXN,50,43
184,2023-11-09,7,495.4936812632955,MXN,49,40
185,2023-02-18,1,937.2045754240538,MXN,8,34
186,2023-03-29,8,197.9713084785068,MXN,42,43
187,2023-11-19,10,781.3623059303247,MXN,58,23
188,2023-02-11,1,426.4687273577892,MXN,39,43
189,2023-09-15,5,769.7450401382065,MXN,63,3
190,2023-05-14,10,382.5760153130945,MXN,38,22
191,2023-06-20,1,302.95657298359055,MXN,11,29
192,2023-06-08,8,129.18086044593193,MXN,20,1
193,2023-12-27,4,116.01610925224996,MXN,58,34
194,2023-04-04,10,313.472128606138,MXN,31,22
195,2023-05-03,4,594.308896905109,MXN,44,5
196,2023-01-13,7,523.3798425098207,MXN,80,46
197,2023-04-24,9,736.3546301857559,MXN,68,10
198,2023-11-18,7,492.9225647309039,MXN,23,44
199,2023-07-20,4,925.8196615709855,MXN,21,26
200,2023-12-15,1,866.8350168747253,MXN,5,36
201,2023-03-08,5,638.7331830645645,MXN,53,12
202,2023-10-25,7,667.3900305042629,MXN,75,27
203,2023-02-07,2,882.7314993349577,MXN,76,39
204,2023-11-12,2,495.0457473830804,MXN,26,37
205,2023-05-16,4,513.1344835109552,MXN,22,33
206,2023-12-31,5,988.5925700950568,MXN,86,2
207,2023-01-05,10,526.7519206913179,MXN,8,23
208,2023-01-02,8,122.18371646137716,MXN,49,47
209,2023-02-21,7,930.4808536310774,MXN,4,15
210,2023-03-26,7,408.9342372822583,MXN,92,22
211,2023-04-07,10,189.89294018098715,MXN,22,15
212,2023-12-06,9,993.295269985148,MXN,100,17
213,2023-03-06,10,972.1477145489272,MXN,25,11
214,2023-06-27,9,520.3684286236956,MXN,85,35
215,2023-07-16,8,655.1880992192041,MXN,58,17
216,2023-11-21,6,939.1467559028678,MXN,93,24
217,2023-07-24,5,189.38144285006445,MXN,52,30
218,2023-08-18,10,970.8960297664622,MXN,4,20
219,2023-12-13,8,618.5054254322329,MXN,46,34
220,2023-03-28,6,500.6781370883372,MXN,49,29
221,2023-04-26,7,750.165177548432,MXN,19,35
222,2023-03-06,3,545.7685031806205,MXN,15,37
223,2023-03-06,4,260.1388451209692,MXN,38,25
224,2023-07-26,8,140.8613418666353,MXN,42,40
225,2023-11-16,7,329.0161654255622,MXN,85,35
226,2023-03-31,9,762.7674541762049,MXN,1,20
227,2023-09-18,3,991.6166204527128,MXN,28,12
228,2023-11-08,4,536.5028593840773,MXN,66,14
229,2023-05-30,7,532.4261525187677,MXN,19,44
230,2023-03-13,6,519.0879829991529,MXN,77,33
231,2023-11-05,10,668.0395913232777,MXN,31,9
232,2023-04-09,3,223.5934321700595,MXN,4,25
233,2023-10-28,9,348.3298561369563,MXN,95,13
234,2023-04-01,6,766.1519519021305,MXN,9,22
235,2023-12-02,7,754.4383492898492,MXN,42,44
236,2023-07-23,5,566.0439384544175,MXN,20,33
237,2023-04-15,5,863.9431459911103,MXN,29,46
238,2023-07-24,10,203.7021924811612,MXN,86,49
239,2023-12-13,3,902.7222616989462,MXN,12,28
240,2023-07-11,3,780.7225250333777,MXN,56,50
241,2023-02-25,1,107.40001585734426,MXN,13,38
242,2023-03-01,5,691.197978196524,MXN,36,31
243,2023-07-09,7,383.9045991949331,MXN,82,9
244,2023-07-28,2,777.1546380103472,MXN,31,22
245,2023-09-14,5,583.5961153517331,MXN,38,43
246,2023-07-06,10,334.6060941038881,MXN,90,45
247,2023-06-26,1,366.5461707140339,MXN,57,17
248,2023-05-31,4,544.2487524394171,MXN,87,34
249,2023-12-21,5,137.37805652062474,MXN,6,25
250,2023-11-09,9,926.6574045352623,MXN,65,5
251,2023-01-11,2,988.0197201273928,MXN,61,9
252,2023-03-13,10,249.748598265908,MXN,88,45
253,2023-03-10,9,268.6038972865064,MXN,66,42
254,2023-08-12,9,434.87521338926894,MXN,50,7
255,2023-06-10,1,702.7927708615142,MXN,93,13
256,2023-03-05,2,906.2366929230208,MXN,48,45
257,2023-06-01,9,454.13449047276464,MXN,31,36
258,2023-11-01,5,897.0887917840641,MXN,23,34
259,2023-04-02,2,608.6116332115985,MXN,15,24
260,2023-08-05,10,752.383414688453,MXN,96,22
261,2023-09-28,2,246.494777769518,MXN,62,21
262,2023-10-25,9,964.5957709038112,MXN,3,5
263,2023-03-05,3,385.3895340745994,MXN,25,39
264,2023-06-21,6,330.8549263300331,MXN,38,31
265,2023-08-29,4,998.2339945880846,MXN,43,48
266,2023-06-02,8,878.6350001601543,MXN,69,8
267,2023-11-05,4,113.39832891350888,MXN,41,22
268,2023-07-22,6,501.587827914712,MXN,42,50
269,2023-01-30,6,114.48384902180392,MXN,48,43
270,2023-12-24,4,757.7836719980621,MXN,94,50
271,2023-10-22,5,120.02993880805371,MXN,64,27
272,2023-12-11,9,782.4178525970208,MXN,36,28
273,2023-03-01,1,295.07983902763567,MXN,42,1
274,2023-08-22,4,585.2745621229324,MXN,21,36
275,2023-06-03,8,538.1465522540934,MXN,54,10
276,2023-05-24,6,909.8573177368934,MXN,84,21
277,2023-10-16,9,989.0994642431612,MXN,49,38
278,2023-09-08,2,932.3171420184872,MXN,94,14
279,2023-05-16,5,578.4312429186324,MXN,80,22
280,2023-12-14,7,496.93157257952566,MXN,15,20
281,2023-06-01,2,700.6339464511335,MXN,22,34
282,2023-03-19,9,331.1042768494271,MXN,74,45
283,2023-10-04,2,141.1289892627054,MXN,51,13
284,2023-08-20,8,883.0551188156727,MXN,98,20
285,2023-12-28,1,833.1666583281833,MXN,2,50
286,2023-08-08,6,568.1406841504479,MXN,53,35
287,2023-02-13,10,807.669146800825,MXN,26,26
288,2023-07-18,1,512.086598263405,MXN,83,21
289,2023-07-26,5,520.4497813265857,MXN,99,36
290,2023-02-11,5,663.5787205427988,MXN,12,38
291,2023-12-24,7,106.34830830563904,MXN,60,23
292,2023-05-02,5,780.912158971007,MXN,32,23
293,2023-06-22,3,232.732278142083,MXN,11,32
294,2023-02-24,7,935.2852375826168,MXN,31,29
295,2023-07-20,5,379.8664915504576,MXN,2,12
296,2023-12-14,1,619.3674970001844,MXN,46,15
297,2023-10-16,7,134.03449524448348,MXN,76,22
298,2023-10-31,2,823.4774455656981,MXN,56,31
299,2023-05-23,3,382.9783381462063,MXN,64,44
300,2023-07-28,1,768.8350807949827,MXN,84,4
301,2023-07-16,5,622.2157728291813,MXN,90,47
302,2023-12-09,3,510.115322508006,MXN,30,29
303,2023-12-16,4,902.7187649356932,MXN,88,40
304,2023-09-09,1,443.1971982263346,MXN,30,50
305,2023-12-13,6,745.7856549706164,MXN,89,10
306,2023-11-17,9,235.05989536407188,MXN,6,2
307,2023-10-21,1,957.8961930339462,MXN,27,34
308,2023-04-14,4,380.4111495116804,MXN,81,34
309,2023-11-04,2,950.6713935538512,MXN,9,15
310,2023-05-09,4,180.69112263746396,MXN,50,23
311,2023-08-19,6,180.6928196753489,MXN,98,41
312,2023-03-09,4,847.0485466493589,MXN,37,3
313,2023-01-31,9,555.4929992700831,MXN,26,30
314,2023-05-11,9,755.7512697572361,MXN,17,12
315,2023-02-11,2,231.9311067980649,MXN,42,4
316,2023-02-11,1,400.2495121244606,MXN,79,9
317,2023-03-13,8,328.5544900343118,MXN,14,8
318,2023-06-01,5,981.9357360037264,MXN,46,14
319,2023-05-04,6,482.4239363713398,MXN,73,2
320,2023-12-01,10,357.9473735461485,MXN,75,36
321,2023-12-18,2,971.2060660941936,MXN,52,22
322,2023-02-10,10,421.08319423152335,MXN,30,6
323,2023-09-25,3,860.4345304901971,MXN,7,23
324,2023-10-12,3,591.7392068455961,MXN,94,9
325,2023-10-07,3,365.7927986120853,MXN,70,16
326,2023-07-25,3,887.5111360730392,MXN,94,8
327,2023-12-15,4,590.5840001657957,MXN,27,43
328,2023-02-11,10,577.7168442179408,MXN,87,11
329,2023-09-08,4,399.5482357347466,MXN,12,42
330,2023-10-27,1,962.1367284585124,MXN,95,14
331,2023-03-31,4,341.1521572898106,MXN,20,37
332,2023-12-14,3,583.7811784944882,MXN,53,7
333,2023-06-27,4,633.1297503044332,MXN,28,2
334,2023-10-04,9,427.9008205432355,MXN,50,50
335,2023-01-13,2,952.8247930499776,MXN,37,37
336,2023-02-11,10,485.0013497151187,MXN,59,5
337,2023-04-20,7,452.4991051868297,MXN,61,16
338,2023-05-07,1,700.4717474463257,MXN,59,46
339,2023-05-13,6,814.3001040206806,MXN,3,27
340,2023-07-16,4,290.9353911882532,MXN,19,2
341,2023-10-15,3,625.739914147229,MXN,36,45
342,2023-10-20,2,375.9717981835389,MXN,23,20
343,2023-05-07,7,614.5721732527904,MXN,46,27
344,2023-08-01,9,251.62739269541305,MXN,87,19
345,2023-11-26,3,252.69005855349107,MXN,54,41
346,2023-03-07,10,670.6238604148838,MXN,92,16
347,2023-05-16,8,144.8987132604011,MXN,85,19
348,2023-11-29,4,675.8481815503956,MXN,81,41
349,2023-03-30,7,277.7895014760685,MXN,28,47
350,2023-01-23,10,282.7418851730755,MXN,60,39
351,2023-04-23,7,846.3838681381894,MXN,57,31
352,2023-02-19,6,864.8615368885169,MXN,25,14
353,2023-11-05,5,559.2207345032875,MXN,53,17
354,2023-09-09,8,586.6686424951256,MXN,13,32
355,2023-11-18,6,815.8616780366896,MXN,7,21
356,2023-09-22,3,431.05319840300143,MXN,27,7
357,2023-11-19,6,675.0597486516134,MXN,54,47
358,2023-04-03,10,155.56117283820691,MXN,3,39
359,2023-10-15,9,548.590471825238,MXN,77,3
360,2023-06-21,8,774.5004656043474,MXN,70,41
361,2023-07-23,4,318.1914585926322,MXN,10,13
362,2023-03-30,8,770.2947904241913,MXN,26,43
363,2023-09-26,4,258.342698403495,MXN,29,26
364,2023-09-12,10,918.1112940821116,MXN,81,1
365,2023-07-18,2,470.86898043911617,MXN,1,21
366,2023-05-21,10,280.6494984698428,MXN,27,20
367,2023-12-28,9,304.86019517305937,MXN,84,45
368,2023-04-09,5,857.6286960723337,MXN,82,18
369,2023-10-04,9,379.8548587781482,MXN,61,17
370,2023-09-16,5,298.53266312741675,MXN,59,8
371,2023-05-25,10,367.9067650932997,MXN,61,49
372,2023-02-28,6,146.17536602227665,MXN,55,36
373,2023-01-15,1,972.769427795646,MXN,36,17
374,2023-01-06,7,187.026246289585,MXN,98,19
375,2023-03-04,5,450.8868953489408,MXN,52,24
376,2023-11-27,2,379.34494357801145,MXN,43,42
377,2023-03-12,10,845.2078285807522,MXN,39,37
378,2023-01-01,2,854.509010553493,MXN,21,40
379,2023-03-28,7,667.9235168019421,MXN,1,21
380,2023-01-17,6,408.2881188457056,MXN,79,1
381,2023-12-19,1,182.35199053441204,MXN,58,44
382,2023-09-09,2,471.6810167044595,MXN,84,31
383,2023-10-31,7,976.5526808168612,MXN,80,48
384,2023-10-06,2,111.16757743481638,MXN,37,9
385,2023-03-31,1,846.6453751999287,MXN,75,19
386,2023-05-25,6,380.7236828669708,MXN,86,42
387,2023-01-21,10,243.3849845430364,MXN,65,44
388,2023-08-26,4,971.5643258298117,MXN,41,12
389,2023-08-24,8,166.220449576857,MXN,60,17
390,2023-06-25,10,425.2597281700736,MXN,82,47
391,2023-01-16,3,261.58132798350334,MXN,90,8
392,2023-03-02,3,378.5885567972068,MXN,63,2
393,2023-09-01,8,429.4048695035737,MXN,26,29
394,2023-03-13,10,104.65077436993477,MXN,4,3
395,2023-01-18,7,798.6731578521593,MXN,18,3
396,2023-02-08,3,994.3690213706686,MXN,69,31
397,2023-04-07,8,460.6215172536109,MXN,6,4
398,2023-04-12,9,835.6615496113993,MXN,12,34
399,2023-05-06,1,953.9483616467342,MXN,65,45
400,2023-02-17,5,458.6858185249503,MXN,59,36
401,2023-08-03,5,530.0242820026824,MXN,66,50
402,2023-05-11,9,575.1047894090771,MXN,99,13
403,2023-02-07,10,769.1152822015026,MXN,2,27
404,2023-11-20,9,336.8716573761867,MXN,70,39
405,2023-11-19,1,717.3894663454479,MXN,91,3
406,2023-04-17,10,784.2606373015835,MXN,98,47
407,2023-02-25,2,767.4909091021041,MXN,9,21
408,2023-07-04,5,585.0870282037565,MXN,20,13
409,2023-07-05,2,945.5256900460296,MXN,10,34
410,2023-04-14,2,900.6176826570528,MXN,25,38
411,2023-11-10,5,166.76259363017144,MXN,79,9
412,2023-06-24,4,908.7095926164986,MXN,55,14
413,2023-02-27,1,154.46111072214572,MXN,55,38
414,2023-12-11,2,415.9597207865454,MXN,13,42
415,2023-07-06,8,729.3430307623818,MXN,73,45
416,2023-09-23,10,562.8973423286614,MXN,65,39
417,2023-11-02,10,773.8633366453621,MXN,77,30
418,2023-08-20,7,629.1469578209686,MXN,10,3
419,2023-05-18,9,456.0069858267904,MXN,100,10
420,2023-10-14,9,804.2040177080535,MXN,95,47
421,2023-10-13,1,630.0234640012211,MXN,72,3
422,2023-06-02,1,156.53274629022226,MXN,38,1
423,2023-04-26,2,706.7026758403013,MXN,84,34
424,2023-07-10,5,201.3938554553822,MXN,95,23
425,2023-09-13,8,928.591494121843,MXN,84,29
426,2023-05-05,3,644.3561218346352,MXN,39,37
427,2023-09-06,10,436.84919364240193,MXN,67,16
428,2023-11-13,3,134.87792181383685,MXN,42,20
429,2023-11-10,9,298.7721526170985,MXN,1,45
430,2023-12-05,6,700.9768108572403,MXN,8,31
431,2023-04-03,7,874.2328413424299,MXN,59,28
432,2023-05-06,8,966.9128019619508,MXN,87,27
433,2023-01-14,7,220.99818063680743,MXN,9,43
434,2023-07-03,1,448.9009686960736,MXN,27,8
435,2023-02-13,9,545.5152707597749,MXN,11,33
436,2023-06-26,9,841.4313552339162,MXN,47,23
437,2023-11-26,2,255.18502935314507,MXN,94,10
438,2023-05-05,9,938.2106322699454,MXN,15,25
439,2023-07-26,5,134.2567061340894,MXN,41,13
440,2023-03-06,1,958.8405430252636,MXN,18,6
441,2023-06-19,3,744.140968820311,MXN,87,8
442,2023-10-06,1,922.7484515776846,MXN,98,7
443,2023-02-07,3,723.0461563786491,MXN,97,30
444,2023-09-23,2,179.67841099864182,MXN,22,49
445,2023-01-19,2,599.658130149837,MXN,1,38
446,2023-05-26,3,922.7572827175288,MXN,17,3
447,2023-08-03,10,533.5258047515822,MXN,64,25
448,2023-07-16,5,552.4532424637237,MXN,13,9
449,2023-09-24,10,462.3542864667207,MXN,27,27
450,2023-05-12,3,861.9229897167692,MXN,50,43
451,2023-12-25,5,972.0546826362786,MXN,71,31
452,2023-07-19,2,214.5096711332913,MXN,70,48
453,2023-03-17,9,942.4072939700172,MXN,84,28
454,2023-08-28,1,802.2526121072121,MXN,81,12
455,2023-03-24,4,332.06258885952514,MXN,55,23
456,2023-06-26,4,598.2593869455161,MXN,91,47
457,2023-10-04,5,604.7245888354555,MXN,70,45
458,2023-10-07,8,305.69764003310365,MXN,44,48
459,2023-07-07,10,725.0474534445883,MXN,1,33
460,2023-09-04,7,784.1411178887707,MXN,83,43
461,2023-10-15,3,336.45903973383554,MXN,91,24
462,2023-06-26,8,719.3765806388272,MXN,39,44
463,2023-08-31,3,809.3459162133876,MXN,75,22
464,2023-09-29,6,909.709470613788,MXN,45,23
465,2023-10-02,7,273.2036897881816,MXN,16,20
466,2023-03-21,3,922.4646062146144,MXN,54,37
467,2023-12-01,6,317.89363972968374,MXN,98,39
468,2023-03-10,2,455.2979209436929,MXN,80,20
469,2023-08-05,3,358.1527992757134,MXN,93,36
470,2023-12-05,10,621.4171130945278,MXN,3,28
471,2023-02-25,1,314.0308309611494,MXN,96,46
472,2023-10-18,4,665.6932190770689,MXN,25,27
473,2023-02-22,1,343.1580341898233,MXN,55,3
474,2023-03-05,5,899.7592799945253,MXN,49,46
475,2023-05-22,9,802.8576111585086,MXN,95,16
476,2023-06-17,6,197.78377667922132,MXN,9,48
477,2023-03-05,5,303.9822639580927,MXN,79,27
478,2023-07-06,9,490.222183795792,MXN,72,18
479,2023-06-28,10,333.7388508611366,MXN,42,1
480,2023-10-15,1,336.07655559496914,MXN,71,9
481,2023-11-20,7,653.375919427895,MXN,27,9
482,2023-09-21,4,822.9494056641682,MXN,2,30
483,2023-01-23,2,334.7023037779267,MXN,6,21
484,2023-01-17,5,112.52800543979744,MXN,35,29
485,2023-07-22,1,361.6577255857218,MXN,3,3
486,2023-03-13,4,349.6039382631395,MXN,17,31
487,2023-03-05,6,915.8875374193592,MXN,46,5
488,2023-06-30,2,390.0181977703554,MXN,80,27
489,2023-01-12,10,394.0006440110831,MXN,66,10
490,2023-04-09,9,523.5227589796906,MXN,15,37
491,2023-08-26,3,307.32198401724054,MXN,19,46
492,2023-02-18,7,346.2458750108295,MXN,20,44
493,2023-03-01,7,507.6210173857744,MXN,30,18
494,2023-06-02,10,536.9840453001964,MXN,80,16
495,2023-07-26,1,727.7592570361181,MXN,4,9
496,2023-08-24,8,851.0140173494342,MXN,38,22
497,2023-08-31,2,461.7459587357213,MXN,16,26
498,2023-03-17,9,206.0018958276899,MXN,38,19
499,2023-08-16,5,710.7097859578562,MXN,17,5
500,2023-02-28,8,414.14026513119103,MXN,92,49
501,2023-10-09,6,976.0066269003862,MXN,59,26
502,2023-11-13,2,387.9506562035054,MXN,74,33
503,2023-12-01,2,655.8990619171494,MXN,74,31
504,2023-03-09,10,764.5825606734447,MXN,48,35
505,2023-07-04,8,920.8600479246928,MXN,36,22
506,2023-03-17,4,627.9326280808065,MXN,41,7
507,2023-12-14,10,805.3279393363252,MXN,71,15
508,2023-05-06,3,930.753388934304,MXN,33,10
509,2023-04-18,6,630.421102238531,MXN,53,44
510,2023-08-28,5,351.91006984751914,MXN,79,37
511,2023-05-25,1,458.1391587863191,MXN,24,37
512,2023-10-17,4,537.0616230170926,MXN,74,21
513,2023-03-26,8,669.798332804522,MXN,85,12
514,2023-11-23,5,823.7378992303335,MXN,65,13
515,2023-06-16,2,397.5342259831594,MXN,23,23
516,2023-01-06,4,902.7077040117828,MXN,2,50
517,2023-08-11,2,573.3336287195016,MXN,74,35
518,2023-09-15,5,478.88179827047065,MXN,89,16
519,2023-01-25,6,637.2923900636189,MXN,92,14
520,2023-11-24,2,678.5837664019507,MXN,100,6
521,2023-04-12,5,670.5368345442714,MXN,95,32
522,2023-06-22,2,369.55896265330944,MXN,39,11
523,2023-07-13,5,931.8620629932014,MXN,66,31
524,2023-01-14,1,898.5939974215139,MXN,61,21
525,2023-01-29,2,525.5662015164792,MXN,80,30
526,2023-12-06,8,675.4044124685241,MXN,59,10
527,2023-09-10,8,844.8709859903299,MXN,20,29
528,2023-06-13,10,652.2759240149676,MXN,72,37
529,2023-01-25,9,590.2568252266396,MXN,13,30
530,2023-02-24,4,602.1467961171845,MXN,15,19
531,2023-03-01,2,660.3492778540815,MXN,75,15
532,2023-06-13,2,854.2081146431884,MXN,21,7
533,2023-12-19,2,686.6337866950482,MXN,52,46
534,2023-03-09,4,373.4436199404128,MXN,61,13
535,2023-06-27,5,812.3483055739713,MXN,33,42
536,2023-09-14,10,822.5275549537112,MXN,72,21
537,2023-10-13,2,207.03566562428108,MXN,48,33
538,2023-01-16,4,897.0290688621566,MXN,93,10
539,2023-06-19,6,368.60305815067966,MXN,71,28
540,2023-11-29,8,701.934218439418,MXN,21,39
541,2023-09-16,4,844.9050927862107,MXN,19,1
542,2023-11-13,6,520.7833098799359,MXN,59,21
543,2023-03-19,8,848.300390949723,MXN,83,7
544,2023-07-10,5,176.34069868739198,MXN,57,14
545,2023-11-08,5,364.52971852952095,MXN,77,30
546,2023-04-06,2,262.4494393166956,MXN,88,46
547,2023-08-21,3,328.170917178194,MXN,92,18
548,2023-10-10,7,660.7321813196804,MXN,94,42
549,2023-12-24,4,453.77707989096587,MXN,27,36
550,2023-02-08,4,483.8460508802749,MXN,23,37
551,2023-10-23,3,609.7040311012096,MXN,20,24
552,2023-10-26,2,339.5409573617921,MXN,77,31
553,2023-12-07,1,920.02004439133,MXN,9,43
554,2023-08-26,3,370.6966203879626,MXN,12,12
555,2023-02-04,1,541.6422956644428,MXN,59,18
556,2023-03-28,9,340.33264037540823,MXN,20,50
557,2023-02-08,6,145.896063490112,MXN,95,28
558,2023-02-09,6,938.2749832594936,MXN,31,32
559,2023-09-19,1,164.59128019600658,MXN,76,47
560,2023-01-21,10,137.96962299121765,MXN,38,10
561,2023-01-11,1,322.6976090220138,MXN,96,19
562,2023-01-10,1,780.1713148800451,MXN,83,1
563,2023-04-01,10,944.7497277251578,MXN,83,2
564,2023-01-17,8,853.5898364170683,MXN,82,46
565,2023-02-27,3,809.1389501708385,MXN,44,8
566,2023-04-09,9,705.0528851915637,MXN,15,33
567,2023-05-09,5,894.1334731949266,MXN,69,4
568,2023-03-24,7,836.0729526183846,MXN,45,2
569,2023-01-04,7,275.49693133361586,MXN,69,41
570,2023-09-18,2,648.5320038334081,MXN,35,21
571,2023-06-04,10,369.1571829214632,MXN,74,50
572,2023-03-30,4,893.287798905193,MXN,27,10
573,2023-08-29,1,127.24739614237885,MXN,65,27
574,2023-03-09,3,455.0561966956018,MXN,21,31
575,2023-08-09,10,814.4926863711142,MXN,80,6
576,2023-09-20,6,307.9133890101757,MXN,7,25
577,2023-11-04,6,664.6325131563921,MXN,63,1
578,2023-04-29,8,934.4240575361654,MXN,99,26
579,2023-05-21,6,116.65641757746091,MXN,29,29
580,2023-04-16,3,620.5670700268847,MXN,35,10
581,2023-12-17,3,759.2061343926343,MXN,18,6
582,2023-02-18,3,146.58666462238986,MXN,17,7
583,2023-12-26,1,939.8802798072852,MXN,32,49
584,2023-07-10,6,545.4692835898798,MXN,60,25
585,2023-03-10,1,799.3907703801648,MXN,97,39
586,2023-09-12,3,469.8397241868117,MXN,47,46
587,2023-08-25,6,870.7725387433112,MXN,57,40
588,2023-02-24,9,832.2766784968755,MXN,23,36
589,2023-03-24,1,353.5814405283936,MXN,59,22
590,2023-04-28,4,603.4966773776138,MXN,90,41
591,2023-10-21,1,613.9125510477182,MXN,15,21
592,2023-05-04,6,277.78505803370507,MXN,29,27
593,2023-09-26,2,461.5692398244676,MXN,32,22
594,2023-01-17,7,718.3482124727825,MXN,26,33
595,2023-05-03,3,905.1036586617132,MXN,52,44
596,2023-12-25,2,416.1948766761197,MXN,73,14
597,2023-03-12,8,295.8841711219408,MXN,53,47
598,2023-10-01,5,637.2501773318759,MXN,83,1
599,2023-07-08,2,155.7804323937827,MXN,26,37
600,2023-10-14,1,754.2115515124965,MXN,98,34
601,2023-11-04,3,613.2700063595588,MXN,93,5
602,2023-08-21,6,892.692570627566,MXN,60,31
603,2023-05-31,9,104.1123783523704,MXN,49,21
604,2023-04-18,8,480.013191387932,MXN,22,28
605,2023-10-13,9,718.9327488320844,MXN,66,33
606,2023-10-11,5,162.34773420156682,MXN,54,32
607,2023-02-16,10,842.8506602053708,MXN,98,33
608,2023-02-27,9,162.29284222626694,MXN,42,14
609,2023-12-30,3,684.9163111486658,MXN,39,31
610,2023-03-04,7,253.37435851755475,MXN,91,37
611,2023-11-15,2,975.7782077815664,MXN,36,39
612,2023-07-02,4,614.3118131733148,MXN,57,47
613,2023-04-19,10,630.5934206767323,MXN,80,25
614,2023-09-05,1,298.4000432771246,MXN,97,21
615,2023-12-09,7,123.67182510816887,MXN,5,19
616,2023-02-07,8,156.63736378824387,MXN,65,42
617,2023-01-13,10,826.2069289792388,MXN,95,13
618,2023-12-28,8,181.7033470744966,MXN,47,39
619,2023-09-04,6,288.6261399876802,MXN,15,18
620,2023-04-19,6,967.6948785559704,MXN,35,23
621,2023-10-05,8,277.3192454936377,MXN,49,49
622,2023-10-29,3,145.57342704531231,MXN,29,34
623,2023-06-12,9,814.0636383125478,MXN,94,28
624,2023-09-06,10,636.8234452616422,MXN,32,8
625,2023-10-30,4,541.7544241303805,MXN,77,39
626,2023-07-27,8,362.4265772864436,MXN,97,2
627,2023-06-26,2,216.94684298788013,MXN,20,35
628,2023-12-08,5,901.8868857191308,MXN,83,22
629,2023-10-21,3,870.1152160846447,MXN,80,44
630,2023-10-03,4,404.55982161533177,MXN,89,13
631,2023-05-21,9,144.85601924071392,MXN,58,29
632,2023-02-15,2,270.5485564624336,MXN,43,33
633,2023-09-29,10,309.16129209846457,MXN,59,21
634,2023-02-26,6,938.2251105057436,MXN,87,35
635,2023-02-23,10,462.6610952559964,MXN,36,46
636,2023-04-23,4,684.6378573417402,MXN,69,3
637,2023-08-24,8,752.8409736845135,MXN,10,15
638,2023-02-11,1,419.7474924412935,MXN,47,4
639,2023-11-12,8,838.5072530740606,MXN,81,19
640,2023-10-15,1,562.6135876799976,MXN,78,37
641,2023-02-12,8,352.9064405830445,MXN,74,25
642,2023-11-10,7,885.1426753180667,MXN,94,30
643,2023-08-11,7,841.2013440100545,MXN,46,17
644,2023-09-14,5,490.5236088782016,MXN,52,34
645,2023-10-26,4,109.67399172244588,MXN,87,10
646,2023-05-17,9,964.4974795208504,MXN,93,25
647,2023-12-12,8,795.630972701704,MXN,100,24
648,2023-06-25,7,992.0926598561834,MXN,6,21
649,2023-02-23,2,975.3117246688278,MXN,48,31
650,2023-06-05,9,394.3287277447205,MXN,92,48
651,2023-04-12,4,509.6647080493666,MXN,71,20
652,2023-01-23,9,616.7364457517373,MXN,11,24
653,2023-08-07,7,289.18504314530423,MXN,46,4
654,2023-09-24,3,670.605273730735,MXN,21,37
655,2023-06-10,5,814.4813515495907,MXN,72,17
656,2023-01-03,5,992.7136622990384,MXN,19,48
657,2023-06-15,10,885.692987309955,MXN,88,37
658,2023-06-23,4,118.10093318975994,MXN,19,19
659,2023-03-22,7,607.4705516690667,MXN,56,9
660,2023-04-15,9,236.80191947430083,MXN,57,50
661,2023-01-09,2,122.2017392134776,MXN,18,20
662,2023-09-07,2,164.2955206918236,MXN,82,32
663,2023-11-20,4,787.9144169394173,MXN,78,17
664,2023-07-15,4,889.03926138054,MXN,32,7
665,2023-03-27,9,409.17790023933446,MXN,76,3
666,2023-10-15,4,275.60075640403466,MXN,69,21
667,2023-05-06,2,823.63841257259,MXN,88,34
668,2023-12-01,3,152.2627851843043,MXN,29,47
669,2023-07-26,5,568.3734542194106,MXN,16,15
670,2023-06-12,6,797.0249046337569,MXN,42,46
671,2023-01-09,7,691.8173280401539,MXN,24,20
672,2023-08-05,6,473.02257107931865,MXN,53,21
673,2023-01-31,3,382.0465265964357,MXN,59,40
674,2023-01-20,7,572.5296792132176,MXN,24,19
675,2023-05-29,7,669.0412055163891,MXN,55,44
676,2023-11-05,10,706.5831801575837,MXN,77,49
677,2023-11-01,8,517.2950010277759,MXN,20,27
678,2023-06-26,9,920.0762035442824,MXN,55,18
679,2023-04-03,6,313.574419671712,MXN,89,17
680,2023-05-06,7,709.7398516915354,MXN,76,15
681,2023-11-06,9,449.3686806208004,MXN,44,26
682,2023-09-26,5,861.2117688789432,MXN,27,50
683,2023-08-13,9,477.05638746751015,MXN,90,5
684,2023-03-09,10,744.889055149412,MXN,46,12
685,2023-06-05,9,952.1285930118888,MXN,12,26
686,2023-08-08,2,468.2919903601105,MXN,79,1
687,2023-04-30,4,955.2579332433432,MXN,18,44
688,2023-11-27,7,578.4469280454023,MXN,70,40
689,2023-11-13,9,458.0847836751282,MXN,28,20
690,2023-01-30,6,270.25578643218734,MXN,63,33
691,2023-12-03,5,104.53557059604756,MXN,92,31
692,2023-12-19,9,166.0587753608695,MXN,83,40
693,2023-03-16,1,500.7932362652954,MXN,90,32
694,2023-05-17,10,522.0613640951444,MXN,77,22
695,2023-07-04,5,972.624755897692,MXN,83,29
696,2023-08-01,10,143.16709593081492,MXN,98,49
697,2023-02-13,1,849.1797705250165,MXN,88,40
698,2023-09-25,5,531.1874628756701,MXN,45,2
699,2023-04-06,4,845.4503353308737,MXN,32,37
700,2023-04-10,10,949.313970845304,MXN,6,28
701,2023-11-15,6,997.1740266525132,MXN,76,18
702,2023-10-12,10,797.6618401764077,MXN,62,2
703,2023-10-04,8,993.6169913769552,MXN,54,18
704,2023-06-29,9,696.1472737889526,MXN,92,37
705,2023-04-27,7,175.65298123804072,MXN,9,36
706,2023-03-24,3,713.5099465775442,MXN,94,31
707,2023-05-09,8,153.55772256179725,MXN,35,38
708,2023-02-06,4,179.5442349645811,MXN,12,46
709,2023-07-02,6,217.7441061393264,MXN,92,9
710,2023-08-08,9,900.9913294594364,MXN,59,26
711,2023-07-13,6,459.73969774612806,MXN,58,19
712,2023-02-11,2,885.3092646097758,MXN,90,6
713,2023-09-16,6,336.03285827373304,MXN,32,5
714,2023-07-18,7,756.6917785334067,MXN,22,13
715,2023-01-07,8,580.1244131582091,MXN,99,28
716,2023-01-03,10,799.9891437451316,MXN,47,32
717,2023-04-21,8,513.0931885763412,MXN,22,7
718,2023-09-24,1,590.5385808551554,MXN,38,25
719,2023-02-01,3,413.3090551600316,MXN,40,44
720,2023-04-20,10,751.2545486658886,MXN,62,24
721,2023-09-02,2,314.1172164413746,MXN,30,31
722,2023-01-12,4,893.6110128389506,MXN,60,49
723,2023-09-02,5,424.5348933666703,MXN,97,3
724,2023-09-08,5,144.71650092924295,MXN,88,49
725,2023-07-08,5,332.24515618699303,MXN,21,27
726,2023-06-02,1,875.2879829217579,MXN,1,17
727,2023-12-13,7,711.1459701506245,MXN,59,4
728,2023-05-29,3,523.1920533385912,MXN,14,7
729,2023-02-12,2,823.0659855591197,MXN,15,4
730,2023-12-06,7,470.8357012366353,MXN,70,36
731,2023-09-02,3,798.6450729297239,MXN,64,2
732,2023-05-07,9,539.7282126898301,MXN,90,47
733,2023-07-24,9,996.608069077054,MXN,48,3
734,2023-09-05,7,749.0571895582036,MXN,35,13
735,2023-08-16,1,171.38065063626337,MXN,77,3
736,2023-12-20,10,522.4198688341596,MXN,99,6
737,2023-02-20,4,222.96109617940712,MXN,80,35
738,2023-05-11,5,216.2810196685457,MXN,41,20
739,2023-05-10,6,714.9203935130363,MXN,32,6
740,2023-08-02,6,352.57377182103835,MXN,39,20
741,2023-02-28,3,704.2663120767523,MXN,31,17
742,2023-07-09,4,764.8121203539886,MXN,25,48
743,2023-09-23,8,822.3563776398286,MXN,41,49
744,2023-10-31,8,728.7728165491768,MXN,35,18
745,2023-08-20,8,287.5793119708184,MXN,25,10
746,2023-01-24,4,850.0443241659617,MXN,26,50
747,2023-08-04,9,514.6581070320749,MXN,8,50
748,2023-06-10,10,768.6234137885294,MXN,22,42
749,2023-01-15,4,954.524137740348,MXN,95,39
750,2023-10-29,1,598.2757573261579,MXN,88,38
751,2023-08-27,9,690.1261948603681,MXN,9,5
752,2023-08-07,7,405.953499666272,MXN,48,46
753,2023-03-19,8,445.9184903865672,MXN,62,8
754,2023-04-03,3,637.3376074402189,MXN,47,43
755,2023-01-14,7,200.90394883858008,MXN,71,43
756,2023-10-29,1,701.4586257416759,MXN,81,13
757,2023-10-24,8,367.4514761460825,MXN,40,43
758,2023-07-16,6,146.90485362305387,MXN,42,38
759,2023-04-07,6,255.61431350757908,MXN,94,7
760,2023-08-03,10,654.71981658194,MXN,48,21
761,2023-03-19,10,907.1848318571538,MXN,85,26
762,2023-06-17,10,369.09116265090654,MXN,34,36
763,2023-12-29,8,159.61811731133224,MXN,34,10
764,2023-11-09,10,785.8296721729504,MXN,54,10
765,2023-03-25,9,330.5958422193568,MXN,92,25
766,2023-06-08,4,977.8379307517282,MXN,94,6
767,2023-05-11,2,252.51587254308444,MXN,10,30
768,2023-06-24,1,620.3327065603,MXN,8,32
769,2023-12-18,2,460.41668600915455,MXN,81,35
770,2023-11-17,8,763.145780714867,MXN,4,49
771,2023-03-15,8,363.86838587787,MXN,13,16
772,2023-07-28,5,263.93866764984114,MXN,47,38
773,2023-05-07,8,973.7988508907672,MXN,85,37
774,2023-09-22,2,942.743382725896,MXN,96,3
775,2023-07-14,3,963.058110064948,MXN,12,35
776,2023-09-24,5,252.17298793574432,MXN,74,3
777,2023-12-27,8,171.75753030332504,MXN,74,8
778,2023-05-24,3,785.8311587450968,MXN,4,3
779,2023-09-20,10,288.5743861738796,MXN,92,20
780,2023-05-08,4,418.3572665337804,MXN,51,20
781,2023-05-03,10,764.8504040989816,MXN,15,22
782,2023-10-18,2,661.4052087900825,MXN,79,42
783,2023-06-29,6,192.32330861590933,MXN,50,23
784,2023-06-20,7,488.4900747716455,MXN,92,10
785,2023-07-19,8,898.6073302159773,MXN,10,19
786,2023-09-28,2,312.76674382530314,MXN,41,31
787,2023-05-11,9,613.5218301234584,MXN,69,45
788,2023-05-13,10,185.52752545401492,MXN,94,16
789,2023-04-30,2,326.01419470324976,MXN,88,27
790,2023-05-23,1,909.07638492874,MXN,50,8
791,2023-04-20,1,995.5531281711326,MXN,57,32
792,2023-12-03,9,651.3312102845875,MXN,60,28
793,2023-07-06,8,876.622136235527,MXN,24,45
794,2023-04-17,9,200.4035053630849,MXN,12,13
795,2023-04-06,1,677.497869863024,MXN,48,22
796,2023-04-11,5,785.0544158774544,MXN,14,37
797,2023-05-29,2,936.1017420834172,MXN,89,6
798,2023-09-03,5,895.2859293504081,MXN,26,3
799,2023-04-19,4,151.7583275947172,MXN,8,10
800,2023-10-03,2,413.79174843309056,MXN,34,6
801,2023-11-30,3,320.0608868362191,MXN,94,15
802,2023-03-29,2,921.305191500402,MXN,56,42
803,2023-08-01,4,877.4736471701028,MXN,81,20
804,2023-10-22,5,524.7435077730252,MXN,89,24
805,2023-08-27,8,472.2986632484016,MXN,74,14
806,2023-05-26,5,382.033589945957,MXN,2,35
807,2023-08-31,2,768.3254939408592,MXN,23,30
808,2023-08-23,3,448.9890562391197,MXN,46,24
809,2023-03-27,5,529.9687313739789,MXN,19,46
810,2023-09-14,10,794.1632613260815,MXN,81,42
811,2023-01-01,1,630.0165095082722,MXN,83,31
812,2023-01-27,10,676.6287814616476,MXN,24,24
813,2023-06-12,8,728.1767312205516,MXN,5,36
814,2023-01-21,9,421.791543576344,MXN,30,38
815,2023-07-30,2,653.9717891121369,MXN,27,27
816,2023-12-19,4,590.1559923675918,MXN,21,1
817,2023-04-02,6,555.9764618454374,MXN,19,11
818,2023-12-18,9,925.7214676832416,MXN,90,5
819,2023-04-01,1,267.6939695970517,MXN,85,34
820,2023-07-26,10,949.0566159339512,MXN,39,49
821,2023-05-16,5,386.08970952639714,MXN,55,18
822,2023-10-29,10,157.45764257448323,MXN,32,8
823,2023-06-08,7,917.7291017760588,MXN,18,33
824,2023-11-15,6,593.5628702021659,MXN,21,43
825,2023-12-03,2,830.9071273868926,MXN,86,44
826,2023-12-04,2,281.5484242046843,MXN,48,38
827,2023-04-21,6,481.0542923099871,MXN,94,33
828,2023-09-25,10,282.9242574394559,MXN,74,3
829,2023-12-01,8,694.8699343988393,MXN,56,23
830,2023-05-29,3,403.55460644846806,MXN,11,14
831,2023-06-22,8,875.4673277071824,MXN,95,41
832,2023-01-26,5,200.6532854734781,MXN,25,46
833,2023-01-05,9,478.5429049522433,MXN,5,8
834,2023-12-04,9,262.9983537297824,MXN,43,2
835,2023-10-04,10,613.2892812220663,MXN,74,17
836,2023-06-09,9,504.2043479585836,MXN,42,47
837,2023-04-29,5,178.3419589102023,MXN,39,14
838,2023-11-12,3,225.26652660903767,MXN,51,23
839,2023-08-08,9,634.8472489682125,MXN,88,16
840,2023-04-02,7,774.4338140234266,MXN,84,18
841,2023-03-20,8,691.7376157956959,MXN,75,22
842,2023-09-22,9,300.0472370986628,MXN,99,18
843,2023-08-01,3,717.3732966636202,MXN,54,46
844,2023-03-22,7,801.6163823447632,MXN,9,21
845,2023-12-11,1,726.2855553559632,MXN,92,2
846,2023-04-14,9,724.0079620758851,MXN,93,5
847,2023-07-29,2,332.2464139814223,MXN,52,25
848,2023-04-13,4,734.7220159385006,MXN,20,17
849,2023-06-08,4,942.0529874842114,MXN,77,9
850,2023-02-22,6,990.0290737233042,MXN,34,50
851,2023-08-06,6,638.4062344171543,MXN,66,35
852,2023-05-29,6,743.0975426468215,MXN,15,48
853,2023-08-03,7,290.34308468193245,MXN,95,38
854,2023-11-06,4,157.10183403135585,MXN,40,17
855,2023-12-15,3,878.1888421779074,MXN,54,29
856,2023-08-28,2,516.5169591078688,MXN,57,12
857,2023-08-22,5,709.2130420859978,MXN,53,18
858,2023-07-27,4,714.2025300236426,MXN,59,41
859,2023-07-07,10,985.0521012599048,MXN,57,35
860,2023-11-22,1,512.7717011171005,MXN,32,5
861,2023-10-09,1,556.4914374763352,MXN,25,34
862,2023-11-22,3,672.1075897685962,MXN,26,14
863,2023-06-10,3,160.73190916886466,MXN,17,8
864,2023-12-11,6,460.4643439939313,MXN,72,26
865,2023-11-14,5,388.2457012718808,MXN,24,25
866,2023-11-11,1,937.1743145042782,MXN,93,8
867,2023-07-20,8,890.9027622725588,MXN,98,3
868,2023-05-03,6,429.2514083865427,MXN,5,41
869,2023-03-15,5,414.6000850539998,MXN,87,47
870,2023-02-10,1,342.39771817339624,MXN,4,5
871,2023-02-08,7,264.8162117824477,MXN,50,23
872,2023-12-10,1,186.0403315319668,MXN,38,49
873,2023-07-16,3,252.60693463878505,MXN,38,28
874,2023-01-27,3,111.62511061104664,MXN,34,35
875,2023-04-27,5,506.1516219721015,MXN,33,48
876,2023-04-08,7,265.72772589832016,MXN,30,30
877,2023-04-14,8,566.6272488212745,MXN,58,38
878,2023-02-10,8,791.05549693148,MXN,1,17
879,2023-03-22,3,872.4525257502435,MXN,65,35
880,2023-09-19,6,343.09045223710825,MXN,7,32
881,2023-09-12,7,532.6285435028742,MXN,98,18
882,2023-09-29,4,826.2871167772358,MXN,75,2
883,2023-08-20,6,431.19143858065735,MXN,23,42
884,2023-03-04,7,506.87593508500726,MXN,26,25
885,2023-01-13,4,830.9688613625832,MXN,32,11
886,2023-09-15,7,146.72292780122737,MXN,47,7
887,2023-06-17,3,657.5558627285974,MXN,14,6
888,2023-02-26,5,440.6409496073888,MXN,32,32
889,2023-02-26,10,870.759309687312,MXN,91,37
890,2023-10-08,1,959.2384237366704,MXN,4,32
891,2023-10-22,6,555.7736079401586,MXN,1,24
892,2023-03-29,5,540.0040642792097,MXN,4,24
893,2023-07-27,1,609.8303804052609,MXN,8,25
894,2023-03-17,4,950.0482025326148,MXN,57,22
895,2023-06-07,4,560.7232706545813,MXN,2,2
896,2023-09-27,9,636.0291330112357,MXN,63,39
897,2023-08-30,5,617.4234403992418,MXN,99,27
898,2023-06-22,7,998.8906102205488,MXN,86,50
899,2023-02-23,6,617.5801557355544,MXN,38,8
900,2023-09-27,6,391.117302632072,MXN,57,50
901,2023-06-20,6,645.0468213722102,MXN,83,7
902,2023-12-22,2,952.5090853002414,MXN,6,5
903,2023-02-13,1,620.7854723452892,MXN,17,21
904,2023-11-25,10,437.04383147522526,MXN,18,3
905,2023-01-14,3,472.34163785008985,MXN,74,7
906,2023-05-24,4,580.4877102547794,MXN,87,42
907,2023-11-06,5,436.3574368729482,MXN,64,2
908,2023-01-13,9,235.05136885945396,MXN,69,13
909,2023-05-24,9,923.9755689827012,MXN,63,46
910,2023-09-19,10,622.8857878018968,MXN,73,31
911,2023-08-07,10,964.6785893221776,MXN,51,30
912,2023-03-24,5,992.2763700603396,MXN,29,28
913,2023-05-19,6,176.07827919087663,MXN,38,38
914,2023-08-12,7,105.03799385601371,MXN,52,8
915,2023-07-06,3,929.6266734882812,MXN,29,43
916,2023-05-25,3,510.14702237622777,MXN,58,33
917,2023-11-06,1,368.6990536785539,MXN,6,13
918,2023-06-03,4,983.5922002449904,MXN,16,40
919,2023-12-25,4,266.0563713507706,MXN,37,40
920,2023-04-30,1,356.5962267740675,MXN,1,35
921,2023-01-06,5,356.83108268961854,MXN,44,37
922,2023-09-17,3,212.48673700774955,MXN,98,24
923,2023-09-09,1,324.80446440152144,MXN,22,24
924,2023-12-22,1,425.7800757301745,MXN,55,4
925,2023-11-06,10,152.9569897185596,MXN,21,33
926,2023-04-17,1,817.6627835033096,MXN,13,19
927,2023-06-17,4,115.48583079879548,MXN,90,32
928,2023-06-07,2,557.7082301730755,MXN,81,6
929,2023-07-18,10,684.2065425035903,MXN,19,39
930,2023-07-29,2,518.5292684862497,MXN,53,17
931,2023-03-03,2,750.685159210693,MXN,6,49
932,2023-08-13,7,741.0881299384841,MXN,23,37
933,2023-12-21,2,217.60493920749144,MXN,81,22
934,2023-05-01,7,369.7221942848472,MXN,5,46
935,2023-07-26,10,425.9421788849093,MXN,53,25
936,2023-04-11,9,242.52972926041792,MXN,44,48
937,2023-07-03,1,481.8103891125289,MXN,39,20
938,2023-02-26,8,458.1959092759795,MXN,76,49
939,2023-12-29,7,626.3906635963377,MXN,70,5
940,2023-08-24,2,653.6003092791624,MXN,58,18
941,2023-08-12,3,211.4295025021104,MXN,77,17
942,2023-09-29,10,519.1936202037338,MXN,59,19
943,2023-12-20,7,349.8605429349433,MXN,95,45
944,2023-10-17,4,594.0069117475559,MXN,17,36
945,2023-08-04,7,238.6885867184861,MXN,89,5
946,2023-03-12,2,729.8375661456719,MXN,25,6
947,2023-05-26,4,112.48042997310664,MXN,98,41
948,2023-06-03,10,524.5702250610572,MXN,40,32
949,2023-02-25,8,158.01801065614245,MXN,32,1
950,2023-07-22,9,490.3940476743179,MXN,6,36
951,2023-08-11,10,765.2846070981736,MXN,100,3
952,2023-12-24,1,447.7762674053628,MXN,19,42
953,2023-02-01,1,595.6114559178927,MXN,34,28
954,2023-05-27,10,889.4090575034678,MXN,51,47
955,2023-01-22,5,927.8843985088728,MXN,30,21
956,2023-06-02,1,246.91688413065157,MXN,23,34
957,2023-04-04,6,112.35165465012908,MXN,44,18
958,2023-07-26,4,849.4450157757568,MXN,65,4
959,2023-02-01,10,672.0411673543523,MXN,100,11
960,2023-04-01,4,764.8589756688295,MXN,26,1
961,2023-02-28,5,263.66592285377146,MXN,17,19
962,2023-10-14,7,603.4601114209672,MXN,58,50
963,2023-11-19,5,199.3157025554999,MXN,44,37
964,2023-08-10,3,782.3161549871735,MXN,47,23
965,2023-12-04,9,566.6489561210028,MXN,49,6
966,2023-05-29,9,309.7750199785541,MXN,9,14
967,2023-11-26,7,926.9299016369137,MXN,12,6
968,2023-02-17,2,188.66446469585756,MXN,52,44
969,2023-01-10,10,240.09624019818943,MXN,76,34
970,2023-05-05,8,177.0932118408839,MXN,49,18
971,2023-03-23,7,208.76894802596507,MXN,60,38
972,2023-07-29,5,366.62540216911225,MXN,54,23
973,2023-04-25,1,302.0908235677377,MXN,20,45
974,2023-02-24,3,230.77345129627605,MXN,21,41
975,2023-05-22,2,630.2174673800004,MXN,88,7
976,2023-08-25,7,668.9550836403639,MXN,31,44
977,2023-02-14,2,794.0343559255539,MXN,12,37
978,2023-08-07,8,648.4944013376854,MXN,40,15
979,2023-01-31,8,211.5863616362921,MXN,51,49
980,2023-11-06,2,809.4525630362496,MXN,22,7
981,2023-05-04,3,304.1657066391191,MXN,39,46
982,2023-07-02,2,819.971753055629,MXN,24,2
983,2023-03-24,1,293.1622760954559,MXN,69,3
984,2023-07-06,9,644.9745757308489,MXN,20,37
985,2023-10-23,4,336.3881631610117,MXN,1,40
986,2023-02-16,2,721.1238747935116,MXN,78,20
987,2023-08-13,3,840.6741591398816,MXN,15,20
988,2023-09-03,9,807.4353011386577,MXN,64,36
989,2023-01-11,2,936.1373104279836,MXN,11,48
990,2023-08-22,7,632.7407089023444,MXN,67,29
991,2023-11-09,4,223.28142859890687,MXN,74,34
992,2023-10-05,5,938.157406730152,MXN,49,46
993,2023-06-11,4,689.2186646982844,MXN,13,49
994,2023-01-24,9,376.6220380097173,MXN,56,4
995,2023-06-21,8,390.1601945582071,MXN,48,20
996,2023-07-03,4,196.4451475004094,MXN,23,47
997,2023-04-07,1,285.74967019924134,MXN,87,34
998,2023-11-06,3,734.3031109689291,MXN,49,21
999,2023-06-22,4,982.0869575036633,MXN,99,50
1000,2023-04-12,6,469.6650602585416,MXN,70,39
